,Open,High,Low,Close,Volume,OpenInt,RSI_14D,Volume_plain,BB_Middle_Band,BB_Upper_Band,BB_Lower_Band,Aroon_Oscillator,PVT,AB_Middle_Band,AB_Upper_Band,AB_Lower_Band,Label
0,0.278252817,0.259254621,0.281173577,0.297558277,-0.752865598,0,-4.336424552,-0.752865598,-4.929823171,-5.010496801,-4.824531971,-0.081028171,-5.47E-05,-4.929835782,-5.187853018,-4.600040999,0
1,0.283812249,0.24625271,0.284400021,0.27304225,-0.949492373,0,-4.336424552,-0.949492373,-4.929823171,-5.010496801,-4.824531971,-0.081028171,-5.47E-05,-4.929835782,-5.187853018,-4.600040999,0
2,0.278252817,0.243466587,0.260893077,0.243437991,-0.880265168,0,-4.336424552,-0.880265168,-4.929823171,-5.010496801,-4.824531971,-0.081028171,-0.007781006,-4.929835782,-5.187853018,-4.600040999,0
3,0.222195207,0.200746024,0.202817099,0.164339112,-0.768014454,0,-4.336424552,-0.768014454,-4.929823171,-5.010496801,-4.824531971,-0.081028171,-0.060912824,-4.929835782,-5.187853018,-4.600040999,0
4,0.179572893,0.155239339,0.152115848,0.154162648,-0.734569366,0,-4.336424552,-0.734569366,-4.929823171,-5.010496801,-4.824531971,-0.081028171,0.075185109,-4.929835782,-5.187853018,-4.600040999,0
5,0.295857686,0.394381617,0.315281691,0.43355284,-0.104547425,0,-4.336424552,-0.104547425,-4.929823171,-5.010496801,-4.824531971,-0.081028171,0.671822101,-4.929835782,-5.187853018,-4.600040999,1
6,0.466346945,0.503040438,0.509329206,0.538555445,-0.474332828,0,-4.336424552,-0.474332828,-4.929823171,-5.010496801,-4.824531971,-0.081028171,-0.493044324,-4.929835782,-5.187853018,-4.600040999,1
7,0.74107556,0.698533446,0.63331681,0.611178393,-0.258153944,0,-4.336424552,-0.258153944,-4.929823171,-5.010496801,-4.824531971,-0.081028171,-0.026156042,-4.929835782,-5.187853018,-4.600040999,1
8,0.573366018,0.521614596,0.512094729,0.455756034,-0.744998635,0,-4.336424552,-0.744998635,-4.929823171,-5.010496801,-4.824531971,-0.081028171,-0.307809571,-4.929835782,-5.187853018,-4.600040999,0
9,0.459397654,0.49978996,0.497345274,0.477496662,-0.799167746,0,-4.336424552,-0.799167746,-4.929823171,-5.010496801,-4.824531971,-0.081028171,0.188840328,-4.929835782,-5.187853018,-4.600040999,1
10,0.482561956,0.46078423,0.414379591,0.387296186,-0.890962582,0,-4.336424552,-0.890962582,-4.929823171,-5.010496801,-4.824531971,-0.081028171,-0.097867859,-4.929835782,-5.187853018,-4.600040999,0
11,0.39685404,0.424100269,0.421293398,0.460844266,-0.957403682,0,-4.336424552,-0.957403682,-4.929823171,-5.010496801,-4.824531971,-0.081028171,0.129970132,-4.929835782,-5.187853018,-4.600040999,1
12,0.459397654,0.433387347,0.406083023,0.390996718,-0.853470486,0,-4.336424552,-0.853470486,-4.929823171,-5.010496801,-4.824531971,-0.081028171,-0.117756687,-4.929835782,-5.187853018,-4.600040999,0
13,0.39685404,0.377200521,0.390872647,0.354453961,-0.944862365,0,1.327905796,-0.944862365,-4.929823171,-5.010496801,-4.824531971,-0.081028171,0.035843196,-4.929835782,-5.187853018,-4.600040999,0
14,0.352841868,0.363269903,0.312055248,0.387296186,-0.589954126,0,1.070272103,-0.589954126,-4.929823171,-5.010496801,-4.824531971,-0.081028171,0.073705945,-4.929835782,-5.187853018,-4.600040999,1
15,0.376006169,0.340980914,0.345702442,0.291544912,-0.142082388,0,0.784308296,-0.142082388,-4.929823171,-5.010496801,-4.824531971,-0.081028171,-0.256570936,-4.929835782,-5.187853018,-4.600040999,0
16,0.278252817,0.225821137,0.230933247,0.240662592,-0.823891769,0,0.704666559,-0.823891769,-4.929823171,-5.010496801,-4.824531971,-0.081028171,0.159924019,-4.929835782,-5.187853018,-4.600040999,0
17,0.263427664,0.237429986,0.251674668,0.206895234,-0.872486009,0,0.877423382,-0.872486009,-4.929823171,-5.010496801,-4.824531971,-0.081028171,0.019633977,-4.929835782,-5.187853018,-4.600040999,0
18,0.17169703,0.210961811,0.221714838,0.221234797,-0.925532282,0,0.345404407,-0.925532282,-4.929823171,-5.010496801,-4.824531971,-0.081028171,0.042465481,-4.929835782,-5.187853018,-4.600040999,1
19,0.26852381,0.218855828,0.251674668,0.194405938,-1.007706422,0,-0.510203574,-1.007706422,0.348282826,0.355112893,0.340142779,-0.081028171,-0.029635595,0.348330468,0.36386019,0.340304375,0
20,0.179572893,0.139915659,0.197746974,0.140285652,-0.940411811,0,-0.915736663,-0.940411811,0.340938322,0.354254326,0.325863768,-0.081028171,-0.025136681,0.34098594,0.354995503,0.339646106,0
21,0.13556072,0.106017821,0.178388314,0.126408656,-0.87185748,0,-1.134788391,-0.87185748,0.334025848,0.353825043,0.312450153,-0.081028171,0.029968491,0.334138248,0.345343179,0.337785197,0
22,0.152239017,0.189137176,0.191294087,0.243437991,-1.089657354,0,0.061285879,-1.089657354,0.334025848,0.353825043,0.312450153,-0.081028171,0.073992275,0.334138248,0.344314115,0.333152199,1
23,0.245822795,0.221641952,0.235542452,0.212446033,-0.796649786,0,0.452444419,-0.796649786,0.336185996,0.353825043,0.316777125,-0.081028171,-0.093762356,0.33638481,0.344141634,0.335748605,0
24,0.235167216,0.216069704,0.202817099,0.170815044,-0.81944151,0,0.674249114,-0.81944151,0.337050056,0.353825043,0.318507915,-0.081028171,-0.009721528,0.337162465,0.347892177,0.337214039,0
25,0.168917314,0.216069704,0.205582621,0.267028885,-0.793907731,0,0.870555095,-0.793907731,0.329273522,0.344380815,0.312450153,0.120190739,0.145078532,0.329385907,0.333139265,0.338195388,1
26,0.265280808,0.225821137,0.207887224,0.154162648,-0.85675297,0,0.675489997,-0.85675297,0.311560307,0.321628809,0.299469234,0.120190739,-0.20860568,0.311435018,0.32277614,0.32190686,0
27,0.192544901,0.182636221,0.214801031,0.199956736,-1.033960675,0,0.478695187,-1.033960675,0.292118974,0.283851895,0.299469234,0.120190739,0.13416364,0.292231239,0.289869955,0.311044896,1
28,0.216635775,0.180314451,0.224941281,0.178216109,-0.93748912,0,0.84543096,-0.93748912,0.279158085,0.265392721,0.29211338,0.120190739,-0.045972348,0.279270308,0.269107207,0.302479642,0
29,0.17632989,0.126913748,0.166865303,0.133809721,-0.82326324,0,1.084146861,-0.82326324,0.263172989,0.241352866,0.283892132,0.120190739,-0.02771771,0.263220355,0.248018249,0.290826015,0
30,0.146216298,0.095802035,0.148428484,0.123633257,-1.055852473,0,1.289621892,-1.055852473,0.251076159,0.227186523,0.273507397,-1.55663351,0.03899483,0.250907471,0.221877603,0.287276792,0
31,0.112859704,0.169634311,0.148428484,0.188392573,-0.936950465,0,1.237403481,-0.936950465,0.23811527,0.200141687,0.275238186,-1.62370648,0.058349785,0.238184157,0.212002113,0.272852603,1
32,0.186522183,0.145487906,0.152115848,0.120857857,-0.956280844,0,1.463996825,-0.956280844,0.225586411,0.180823947,0.269613122,-1.62370648,-0.10413047,0.225568851,0.195591824,0.264005645,0
33,0.118882423,0.068869506,0.124921541,0.081077135,-0.902694734,0,1.403732707,-0.902694734,0.212625522,0.164940471,0.260093782,-1.55663351,0.016773638,0.212802335,0.177465278,0.255380887,0
34,0.079039824,0.07165563,0.066845562,0.017705518,-0.815440919,0,1.361447939,-0.815440919,0.195344337,0.143047032,0.24754556,-1.69077945,-0.031578681,0.195542695,0.159679349,0.248049809,0
35,0.025298645,0.035900377,-0.006440791,0.053785709,-0.758259834,0,0.964301228,-0.758259834,0.184543596,0.131456388,0.236728128,-1.69077945,0.108433268,0.184439498,0.150241881,0.227354143,1
36,0.100814268,0.066083382,0.075603051,0.070438104,-0.871587857,0,0.253493502,-0.871587857,0.176335033,0.124158575,0.22850688,-1.62370648,-0.026484634,0.176490127,0.142515958,0.220477251,1
37,0.162431309,0.186351052,0.138749154,0.083852534,-0.14702873,0,-0.133759858,-0.14702873,0.170718648,0.119007178,0.222016421,-1.62370648,0.015302095,0.170744114,0.146105301,0.209653349,1
38,0.155482019,0.142701782,0.211574588,0.164339112,-0.903954453,0,0.043367552,-0.903954453,0.16812647,0.114714346,0.221151026,-1.55663351,0.039550074,0.168087123,0.137471077,0.21443634,1
39,0.165674312,0.130164226,0.172396348,0.133809721,-0.834052598,0,-0.202738891,-0.834052598,0.165102263,0.110850798,0.219420237,-1.48956054,-0.101156728,0.16525732,0.132520709,0.211574449,0
40,0.124441855,0.164062063,0.160412416,0.203657269,-0.847223331,0,0.445341646,-0.847223331,0.16812647,0.11514363,0.221151026,-1.42248757,0.09857602,0.168216733,0.139469686,0.204277687,1
41,0.219415491,0.172884788,0.202817099,0.150462116,-0.998716029,0,0.360646931,-0.998716029,0.169422559,0.116002196,0.222449118,-1.28834163,-0.104650414,0.169340013,0.146545532,0.201575144,0
42,0.13556072,0.119019731,0.166865303,0.167577078,-0.793143799,0,0.006072177,-0.793143799,0.165966322,0.109133666,0.222449118,-1.28834163,0.054713399,0.165797359,0.138993451,0.204552718,1
43,0.107300272,0.054474534,0.027206403,-0.028088569,-0.752371289,0,-0.859779305,-0.752371289,0.154733551,0.106128684,0.202545043,-0.6846849,-0.243014545,0.154564552,0.135287746,0.191107612,0
44,0.008620348,0.026148944,-0.009667234,0.073213503,-0.694561084,0,-0.802669011,-0.694561084,0.149981225,0.101835853,0.197785373,-0.6846849,0.356401669,0.150006625,0.128770979,0.179145603,1
45,0.085062543,0.093480265,0.132757188,0.102817762,-0.792334634,0,-0.996049406,-0.792334634,0.142204692,0.086810944,0.197785373,-1.28834163,-0.099623482,0.142338074,0.118422599,0.180215837,1
46,0.116565993,0.088372372,0.075603051,0.033895347,-0.798582972,0,-1.002444509,-0.798582972,0.136588307,0.083376679,0.189996822,-1.28834163,-0.106416176,0.136721671,0.111643304,0.17448562,0
47,0.071163962,0.07165563,0.105101961,0.102817762,-0.755203514,0,-1.074143291,-0.755203514,0.132268011,0.075649583,0.18869873,-1.28834163,0.154686151,0.132185345,0.106444875,0.169463701,1
48,0.121662139,0.121341501,0.160412416,0.106055728,-0.801189919,0,-1.384076766,-0.801189919,0.128811774,0.070068902,0.187400638,-1.28834163,-0.077298169,0.128815503,0.104273729,0.165938552,1
49,0.131854431,0.079085293,0.066845562,0.030657382,-0.811080829,0,-1.292324295,-0.811080829,0.124059448,0.06706392,0.180910179,-1.28834163,-0.082682562,0.123998357,0.107060878,0.156557805,0
50,0.036880795,0.002002539,0.038729414,0.030657382,-0.886287637,0,-1.140280185,-0.886287637,0.119739151,0.064058938,0.174852417,-1.28834163,0.079110871,0.119656445,0.104276893,0.149980739,1
51,0.034101079,0.039615208,0.071915687,0.017705518,-0.713215927,0,-0.614304216,-0.713215927,0.111530588,0.05461471,0.168794655,-1.28834163,-0.016270392,0.111685473,0.093223209,0.15120643,0
52,0.08181954,0.093480265,0.096805392,0.06026164,-0.5814134,0,-0.84484067,-0.5814134,0.108938411,0.051180445,0.166198472,-0.55053896,0.080326347,0.10885567,0.091160077,0.148319871,1
53,0.085062543,0.039615208,0.063619119,0.017705518,-0.612476523,0,-0.90206944,-0.612476523,0.105914203,0.049892596,0.161871499,-0.55053896,-0.125362413,0.105896257,0.092862269,0.142550671,0
54,0.040123798,-0.010070663,0.063619119,0.017705518,-0.78968334,0,-1.071775425,-0.78968334,0.105914203,0.049892596,0.161871499,-0.55053896,0.061087537,0.105896257,0.081668019,0.149490035,1
55,0.054948951,0.047973579,0.002777618,0.044996944,-0.49411317,0,-1.297728803,-0.49411317,0.105482174,0.049892596,0.161006104,-0.55053896,0.045663637,0.105485828,0.082494947,0.149667374,1
56,0.094791549,0.123663271,0.088508824,0.109293694,0.049688807,0,-0.99050298,0.049688807,0.107210292,0.052039011,0.162736893,-0.55053896,0.128094763,0.107300358,0.089407008,0.146271223,1
57,0.155482019,0.182636221,0.202817099,0.212446033,-0.677343048,0,0.297677736,-0.677343048,0.113258707,0.064058938,0.162304196,-0.55053896,-0.039673702,0.113305589,0.082746286,0.155342041,1
58,0.210613056,0.158025462,0.178388314,0.150462116,-0.952278774,0,-0.088617867,-0.952278774,0.112826677,0.062771089,0.162304196,-0.55053896,-0.181939854,0.112657543,0.088043998,0.149395656,0
59,0.189765185,0.200746024,0.181153837,0.255002155,-0.804876542,0,0.352243665,-0.804876542,0.118443062,0.076937432,0.159708012,-0.55053896,0.157666075,0.118317149,0.097165801,0.144242418,1
60,0.298637402,0.303832599,0.338788635,0.330863068,-0.479189,0,0.608843735,-0.479189,0.124059448,0.095396606,0.152784856,0.925066378,0.013603833,0.124257576,0.099882305,0.156073225,1
61,0.32921428,0.27690007,0.281173577,0.321611737,-0.759519849,0,0.94958963,-0.759519849,0.132268011,0.114714346,0.149323278,0.992139348,-0.133988403,0.13225015,0.107082667,0.15743055,0
62,0.319948559,0.267612992,0.278408055,0.221234797,-0.900402346,0,0.790343263,-0.900402346,0.134860188,0.119436461,0.149323278,0.992139348,-0.074958347,0.13475593,0.117399818,0.159308883,0
63,0.222195207,0.200746024,0.235542452,0.227248162,-1.023935249,0,0.713653679,-1.023935249,0.146524988,0.129309972,0.163602288,0.992139348,0.088857615,0.146679986,0.118162813,0.174639242,1
64,0.263427664,0.287115857,0.308367885,0.318373771,-0.899055413,0,0.845680338,-0.899055413,0.158189788,0.14819843,0.167496563,0.992139348,0.074920943,0.158128808,0.12463633,0.194645459,1
65,0.316705557,0.264362514,0.284400021,0.230486128,-0.789322069,0,0.223193738,-0.789322069,0.164238203,0.155496243,0.171823536,0.992139348,-0.171118993,0.164090836,0.134280924,0.200010148,0
66,0.232850786,0.200746024,0.230933247,0.209670634,-0.795076098,0,0.581199239,-0.795076098,0.172446766,0.161935489,0.182208271,0.992139348,0.070236485,0.172299426,0.135322706,0.211146473,0
67,0.210613056,0.166848187,0.205582621,0.154162648,-0.8208795,0,0.495202249,-0.8208795,0.174606914,0.163652622,0.184804455,0.992139348,-0.034256564,0.174697198,0.139175396,0.216330488,0
68,0.186522183,0.133879057,0.166865303,0.137510253,-0.435583674,0,0.725537795,-0.435583674,0.176335033,0.164511188,0.186967941,0.992139348,0.02710438,0.176166104,0.140326456,0.216082745,0
69,0.13556072,0.099516866,0.100031836,0.090791032,-0.824746463,0,0.947980094,-0.824746463,0.178927211,0.164940471,0.192160308,0.992139348,-0.01860583,0.178974305,0.140040479,0.218779999,0
70,0.088768831,0.035900377,0.02444088,-0.003109976,0.13806753,0,0.80424523,0.13806753,0.177199092,0.165369754,0.18869873,0.254336679,-0.219950312,0.177397392,0.146186497,0.213776886,0
71,0.008620348,-0.021215158,0.05486163,0.008916754,-0.560778956,0,0.206048162,-0.560778956,0.176767063,0.165799037,0.187400638,0.254336679,0.286096421,0.176986963,0.139260668,0.216946641,1
72,0.008620348,-0.034217068,-0.023494848,-0.042890699,-0.267637463,0,0.252083909,-0.267637463,0.172014737,0.167086887,0.176150509,0.254336679,-0.128204823,0.172169817,0.132714603,0.211978541,0
73,-0.045120832,-0.007748894,0.009230505,0.014004986,-0.7877945,0,-0.144912803,-0.7877945,0.172014737,0.16751617,0.175717812,-0.88590381,0.173409799,0.171997004,0.131217233,0.208798864,1
74,-0.01500724,0.018254927,0.045182301,0.027419416,-0.693931668,0,-0.793182026,-0.693931668,0.172446766,0.167086887,0.177015904,-0.88590381,-0.04670801,0.172450637,0.136941824,0.203699227,1
75,0.028541647,0.018254927,0.071915687,0.057023674,-0.992152836,0,-1.061335482,-0.992152836,0.172878796,0.16751617,0.177881298,-0.88590381,0.003882093,0.173012277,0.126140109,0.215814112,1
76,0.079039824,0.060046781,0.124921541,0.096804397,-1.012021574,0,-0.80048768,-1.012021574,0.172446766,0.167086887,0.177015904,-0.88590381,0.005598211,0.172429035,0.113697673,0.226523214,1
77,0.100814268,0.088372372,0.11478129,0.143061051,-0.879588449,0,-0.47825321,-0.879588449,0.168990529,0.162794056,0.174852417,-0.88590381,0.015674797,0.169188803,0.108793494,0.222962045,1
78,0.179572893,0.139915659,0.202817099,0.178216109,-0.642280517,0,-0.938041289,-0.642280517,0.170286618,0.164511188,0.175717812,-0.88590381,0.00506142,0.170484896,0.103931951,0.227955436,1
79,0.146216298,0.133879057,0.18391936,0.175903276,-0.956325486,0,-0.379692351,-0.956325486,0.166830381,0.158501224,0.17441972,-0.88590381,-0.049605011,0.16679103,0.094240374,0.23435549,0
80,0.17632989,0.180314451,0.233237849,0.215683999,-0.277932217,0,-0.499612228,-0.277932217,0.161213996,0.146481297,0.175717812,-0.88590381,0.08245149,0.161412244,0.086887356,0.231038662,1
81,0.216635775,0.231393384,0.238768895,0.243437991,-0.693078157,0,-0.43455207,-0.693078157,0.157757759,0.137466352,0.177448601,-0.88590381,-0.046171705,0.157761582,0.08451025,0.22933205,1
82,0.249529083,0.200746024,0.218027474,0.167577078,-0.722252143,0,-0.962438987,-0.722252143,0.155165581,0.13317352,0.176583206,-0.88590381,-0.124751418,0.155255802,0.080834059,0.227088715,0
83,0.165674312,0.137129535,0.202817099,0.157400614,-0.866013281,0,-0.655044864,-0.866013281,0.152141374,0.12759284,0.175717812,-0.88590381,0.080501542,0.151993968,0.07499962,0.228355768,0
84,0.155482019,0.123663271,0.181153837,0.143061051,-1.03715151,0,0.255884764,-1.03715151,0.143932811,0.109562949,0.177448601,-0.88590381,0.000610538,0.14380698,0.064085721,0.225675921,0
85,0.141120152,0.099516866,0.158107814,0.150462116,-0.81939746,0,0.221663584,-0.81939746,0.140044544,0.102265136,0.177448601,-0.88590381,0.016405125,0.140069911,0.052888259,0.223248368,1
86,0.198104334,0.191458946,0.233237849,0.203657269,-0.829735672,0,0.75829365,-0.829735672,0.139612514,0.101835853,0.177448601,-0.61761193,0.045884738,0.139789091,0.051363473,0.2244043,1
87,0.238873504,0.207711334,0.251674668,0.199956736,-0.835444468,0,1.00466556,-0.835444468,0.141772663,0.105699401,0.177881298,-0.61761193,-0.057246632,0.141927645,0.052737165,0.227036342,0
88,0.201810622,0.221641952,0.25444019,0.275817649,-0.909168349,0,1.404607583,-0.909168349,0.148253107,0.118577894,0.177448601,-0.61761193,0.068092048,0.148386509,0.056769701,0.231120903,1
89,0.274083243,0.261112036,0.318969055,0.300333676,-0.868845802,0,1.375473471,-0.868845802,0.158189788,0.135319936,0.180044785,-0.61761193,-0.042183183,0.158172011,0.058713031,0.246551618,1
90,0.298637402,0.287115857,0.312055248,0.300333676,-0.694965518,0,1.369446604,-0.694965518,0.172446766,0.150344845,0.1934584,-0.55053896,-0.02242344,0.172342629,0.066728924,0.26329113,1
91,0.232850786,0.231393384,0.275642532,0.285531547,-0.918024817,0,1.417717102,-0.918024817,0.185407655,0.161935489,0.208170108,1.126285288,-0.012175732,0.185260357,0.081294277,0.270743657,0
92,0.289834968,0.261112036,0.32403918,0.306809608,-1.078687656,0,1.308251967,-1.078687656,0.201392752,0.170521152,0.231968458,1.126285288,0.023294411,0.201591129,0.08984929,0.291739237,1
93,0.32921428,0.303832599,0.345702442,0.304034208,-0.984331106,0,1.300475401,-0.984331106,0.2152177,0.178677531,0.250574441,1.126285288,-0.013218203,0.215135302,0.101736722,0.309744329,0
94,0.30234369,0.259254621,0.322195498,0.304034208,-0.863541441,0,1.260909268,-0.863541441,0.228178589,0.185116778,0.270045819,1.327504198,0.001880604,0.22805303,0.109349485,0.325979742,1
95,0.305123406,0.293152458,0.345702442,0.321611737,-0.880803527,0,1.158268716,-0.880803527,0.240275418,0.192843874,0.28735371,1.327504198,0.015520126,0.240409117,0.122031527,0.338703572,1
96,0.372763167,0.333551251,0.370131226,0.357691927,-0.620253611,0,2.614422675,-0.620253611,0.252372248,0.204434518,0.299901931,1.327504198,0.033294536,0.252592392,0.137222275,0.34762431,1
97,0.35608487,0.314048385,0.32403918,0.291544912,-0.639133731,0,1.174968493,-0.639133731,0.259716752,0.208727349,0.309421272,1.528723108,-0.135851056,0.25952649,0.149107414,0.355944172,0
98,0.283812249,0.27690007,0.330031146,0.297558277,-0.769813124,0,0.794804593,-0.769813124,0.264901107,0.213449464,0.315911731,1.461650138,0.09337491,0.26509969,0.156298263,0.361016331,1
99,0.295857686,0.243466587,0.221714838,0.206895234,-0.15417522,0,-0.051720934,-0.15417522,0.266629226,0.213449464,0.318940612,1.394577168,-0.207065194,0.266546994,0.168150075,0.356321756,0
100,0.256478373,0.24625271,0.269650566,0.230486128,0.073963458,0,-0.348593508,0.073963458,0.267061255,0.213878747,0.319806006,1.327504198,0.263380644,0.267238244,0.173966934,0.355356578,1
101,0.228681212,0.176135266,0.160412416,0.143061051,-0.157816314,0,-1.166560471,-0.157816314,0.262740959,0.213449464,0.310719363,1.193358258,-0.258083225,0.262550707,0.173647856,0.349615086,0
102,0.158725021,0.137129535,0.205582621,0.178216109,-0.838366863,0,-1.601420217,-0.838366863,0.263172989,0.213449464,0.312017455,1.193358258,0.229855407,0.263047543,0.165887448,0.353664016,1
103,0.201810622,0.218855828,0.248909145,0.255002155,-0.533717313,0,-1.054096609,-0.533717313,0.267493285,0.214737313,0.319806006,0.656774499,0.084290918,0.26760547,0.173000658,0.352594427,1
104,0.308829695,0.430601224,0.330031146,0.452980635,0.419385222,0,0.05994456,0.419385222,0.282182292,0.237060035,0.325863768,0.656774499,0.530274094,0.28207851,0.202181825,0.345416765,1
105,0.454301508,0.402275634,0.428207205,0.377582289,-0.575613252,0,-0.39822915,-0.575613252,0.292551004,0.246074981,0.337979292,1.193358258,-0.755469293,0.292684871,0.21912744,0.355111048,0
106,0.345429291,0.295474228,0.348467965,0.313285539,-0.717667368,0,-0.219989644,-0.717667368,0.297735359,0.249509245,0.344902449,1.193358258,0.030744815,0.297804439,0.222824336,0.361524652,0
107,0.298637402,0.333551251,0.312055248,0.27304225,-0.799167746,0,-0.422613013,-0.799167746,0.301191596,0.250367812,0.350960211,1.193358258,0.03345336,0.301217484,0.234817096,0.358458811,0
108,0.265280808,0.323799818,0.297766714,0.306809608,-0.527783535,0,-0.533795533,-0.527783535,0.302487685,0.251655661,0.352691,1.193358258,0.093413838,0.302664788,0.245102715,0.355198538,1
109,0.238873504,0.207711334,0.238768895,0.261940653,-0.665296631,0,-0.216750867,-0.665296631,0.300759567,0.250367812,0.350527513,1.193358258,-0.10928049,0.300871859,0.245198463,0.349015027,0
110,0.253235371,0.212819227,0.251674668,0.206895234,-0.877026438,0,-0.030553033,-0.877026438,0.29643927,0.247792113,0.344037054,1.193358258,0.007747487,0.296508346,0.240478572,0.347444567,0
111,0.182815895,0.155239339,0.18391936,0.133809721,-0.727152366,0,-0.059594433,-0.727152366,0.289526796,0.247792113,0.329758044,0.120190739,-0.037225702,0.289423037,0.23847208,0.341740915,0
112,0.148532729,0.102767344,0.148428484,0.102817762,-0.861563614,0,0.441543242,-0.861563614,0.280022144,0.246504264,0.312017455,0.120190739,0.057201326,0.279896753,0.232860548,0.331948808,0
113,0.146216298,0.102767344,0.102797358,0.057023674,-0.522028916,0,0.623493178,-0.522028916,0.268357344,0.245645697,0.289949894,-0.61761193,-0.043711515,0.268361525,0.227644906,0.316801316,0
114,0.162431309,0.164062063,0.14474112,0.111606527,-0.734884517,0,0.798888218,-0.734884517,0.259284722,0.2404943,0.277401673,-0.6846849,0.138790841,0.259375279,0.231116598,0.301073069,1
115,0.118882423,0.106017821,0.148428484,0.106055728,-1.103638435,0,1.163811279,-1.103638435,0.249348041,0.232767204,0.264853452,-0.6846849,-0.068567176,0.249308956,0.223515329,0.290914151,0
116,0.112859704,0.093480265,0.14474112,0.114844492,-0.988646553,0,1.020337696,-0.988646553,0.23811527,0.220747277,0.254468717,-0.6846849,0.00899139,0.237968142,0.21114139,0.281686455,1
117,0.107300272,0.093480265,0.130913507,0.123633257,-0.973542339,0,0.586346855,-0.973542339,0.229906707,0.213449464,0.245814771,-0.6846849,0.000185095,0.230126779,0.198442587,0.27511765,1
118,0.143436582,0.133879057,0.163638859,0.16063858,-1.030453801,0,-1.052481044,-1.030453801,0.223858292,0.205722367,0.240622404,-0.6846849,0.016886225,0.22373272,0.194115151,0.265209042,1
119,0.182815895,0.137129535,0.148428484,0.10050493,-0.88484876,0,-0.978467838,-0.88484876,0.218673937,0.203575952,0.23326655,-0.6846849,-0.077743843,0.218764363,0.186092669,0.264743183,0
120,0.131854431,0.079085293,0.148428484,0.102817762,-1.067719141,0,-1.220274741,-1.067719141,0.212625522,0.199283121,0.225477999,-0.6846849,0.055479582,0.212802335,0.174092913,0.263226654,1
121,0.098497837,0.063761613,0.138749154,0.114844492,-1.07855314,0,-1.39557686,-1.07855314,0.211329433,0.198853838,0.223314513,-0.6846849,0.005198736,0.21148464,0.160332663,0.270401184,1
122,0.146216298,0.145487906,0.176083712,0.178216109,-0.840884824,0,-1.047938143,-0.840884824,0.211329433,0.198853838,0.223314513,-0.6846849,0.056254911,0.21148464,0.164299206,0.265588925,1
123,0.17632989,0.155239339,0.172396348,0.150462116,-0.974981216,0,-0.931947678,-0.974981216,0.206577107,0.193273157,0.21898754,-0.6846849,-0.08321762,0.206602689,0.16261586,0.260842499,0
124,0.131854431,0.099516866,0.176083712,0.140285652,-1.173495057,0,-0.585062955,-1.173495057,0.1918881,0.16064764,0.222881815,-0.6846849,0.016537375,0.192000041,0.130529449,0.269516751,0
125,0.138340436,0.102767344,0.169169905,0.114844492,-1.035263262,0,-0.129950771,-1.035263262,0.17979127,0.135749219,0.223314513,-0.6846849,-0.012210595,0.17973036,0.112994657,0.261050142,0
126,0.112859704,0.090694141,0.148428484,0.118545025,-1.125485,0,-0.360425668,-1.125485,0.170718648,0.118148611,0.222881815,-0.6846849,0.017486739,0.170636106,0.103177231,0.252109953,1
127,0.118882423,0.066083382,0.096805392,0.047309777,-0.747202331,0,-0.655142566,-0.747202331,0.159917907,0.104840835,0.215093264,-0.6846849,-0.084929089,0.160094549,0.085962023,0.24672518,0
128,0.01186335,0.041936978,0.041955857,0.063962173,-0.865474626,0,-1.121346023,-0.865474626,0.148685137,0.082088829,0.215093264,-1.62370648,0.099080358,0.148753735,0.070579678,0.237083397,1
129,0.058191953,0.005253017,0.041955857,0.01076702,-0.755788289,0,-1.544004719,-0.755788289,0.137020337,0.066205354,0.207737411,-1.69077945,-0.077885555,0.137024093,0.060782254,0.228375752,0
130,0.031784649,-0.018893388,0.060392676,0.03620818,-0.803752817,0,-1.34254833,-0.803752817,0.129243803,0.055902559,0.202545043,-1.62370648,0.089375867,0.12905312,0.046359223,0.223085347,1
131,0.054948951,0.002002539,0.035042051,0.027419416,-0.82551069,0,-0.935731386,-0.82551069,0.124059448,0.053326861,0.194756492,-1.48956054,-0.036709287,0.124084763,0.038935446,0.216506527,0
132,0.01881264,-0.001247939,0.068689244,0.030657382,-0.737086735,0,-1.414691431,-0.737086735,0.120603211,0.052039011,0.189131427,-1.69077945,0.012959753,0.120714921,0.031881008,0.214973939,1
133,0.040123798,-0.001247939,0.063619119,0.027419416,-0.903594956,0,-0.905664273,-0.903594956,0.119307122,0.052468294,0.186102546,-1.62370648,-0.006837841,0.119332422,0.02096314,0.21899377,0
134,0.025298645,-0.016107265,0.027206403,-0.016061839,-0.752415635,0,-0.752524709,-0.752415635,0.113258707,0.051609728,0.174852417,-1.48956054,-0.048388815,0.113370394,0.006750471,0.219124795,0
135,-0.018250242,-0.052791226,-0.003214348,-0.019299805,-0.656260415,0,-0.351936744,-0.656260415,0.107642322,0.050321879,0.16490038,-1.69077945,0.046708461,0.107516374,-0.001193951,0.212670789,0
136,-0.005278233,-0.031430944,0.038729414,-0.005885375,-0.917576332,0,-1.568278096,-0.917576332,0.102025936,0.046887614,0.156679131,-1.48956054,0.016050506,0.101878369,-0.008695271,0.209420471,1
137,0.006767204,-0.041182377,-0.009667234,-0.033639368,-0.685704911,0,-1.568278096,-0.685704911,0.094681433,0.043024066,0.146294397,-1.48956054,-0.048172225,0.094533841,-0.014293174,0.202301965,0
138,-0.033075395,-0.078330692,-0.006440791,-0.055379995,-1.008200435,0,-1.654674677,-1.008200435,0.084312722,0.034438403,0.13461157,-1.62370648,0.021269971,0.084445917,-0.027990921,0.198152688,0
139,-0.038634827,-0.083438586,-0.009667234,-0.048904064,-0.702562563,0,-1.833552372,-0.702562563,0.077400248,0.030145572,0.124659533,-1.62370648,0.02345308,0.077468616,-0.044005687,0.196399511,1
140,-0.035855111,-0.089010833,-0.006440791,-0.045666098,-1.010539238,0,-1.845617046,-1.010539238,0.070487773,0.024994175,0.116005587,-1.02004975,-0.006183699,0.070534518,-0.05294396,0.190348337,1
141,-0.035855111,-0.041182377,0.002777618,0.01076702,-0.583345995,0,-0.480596784,-0.583345995,0.065735448,0.018554928,0.112976706,-1.02004975,0.083600739,0.065674169,-0.054811976,0.181163482,1
142,0.008620348,-0.044432855,-0.020729325,-0.078970889,-0.954751797,0,-1.110657581,-0.954751797,0.053638618,0.003100736,0.10432276,-1.02004975,-0.157108792,0.053663706,-0.06284373,0.171324729,0
143,-0.066895275,-0.107120636,-0.138724964,-0.119676745,-0.714969364,0,-1.005469528,-0.714969364,0.041109759,-0.009348475,0.091341842,-1.3554146,0.019206398,0.0410484,-0.070171859,0.152390737,0
144,-0.146117186,-0.19952707,-0.169606635,-0.210802354,-0.440843098,0,-1.585074909,-0.440843098,0.024692633,-0.016646288,0.0662454,-1.42248757,-0.114409739,0.024652823,-0.079436698,0.131971778,0
145,-0.228118813,-0.241318924,-0.378403604,-0.210802354,-0.508093659,0,-1.754079795,-0.508093659,0.009571596,-0.02523195,0.044610535,-1.48956054,0.166192041,0.009445331,-0.075559202,0.088233399,1
146,-0.203564654,-0.257106958,-0.203253828,-0.246882544,-0.862911729,0,-1.38472574,-0.862911729,-0.00770959,-0.035964028,0.020812185,-1.55663351,-0.03654403,-0.007619895,-0.091104092,0.071408452,0
147,-0.224412525,-0.248284233,-0.221690647,-0.265847772,-0.894153713,0,-1.468847919,-0.894153713,-0.022398597,-0.040686142,-0.003418863,-1.55663351,0.018313231,-0.022244145,-0.105090679,0.056120793,0
148,-0.280006849,-0.303077998,-0.403754229,-0.399066937,0.113972036,0,-1.869936503,0.113972036,-0.044000079,-0.042403275,-0.045390499,-1.55663351,-0.381713588,-0.043867298,-0.111124548,0.026333298,0
149,-0.376833629,-0.394555724,-0.430487616,-0.474465283,-0.006682818,0,-2.119302761,-0.006682818,-0.066465619,-0.040256859,-0.092554503,-1.62370648,0.186250329,-0.066527325,-0.122452917,-0.002292924,0
150,-0.466247832,-0.384804291,-0.403754229,-0.356973381,-0.307735915,0,-0.483215316,-0.307735915,-0.085042894,-0.05270607,-0.11678555,-1.69077945,0.476530325,-0.084888644,-0.129840082,-0.032883435,1
151,-0.359692046,-0.346727268,-0.300508046,-0.322743457,-0.715824057,0,-0.734724149,-0.715824057,-0.10146002,-0.067730979,-0.134526139,-1.62370648,-0.21714051,-0.101241018,-0.147044112,-0.047408117,1
152,-0.270741128,-0.294255273,-0.285297671,-0.325981423,-0.734658944,0,-0.655110966,-0.734658944,-0.117877145,-0.08447302,-0.150968636,-1.55663351,-0.050277702,-0.117895814,-0.154656384,-0.069495387,0
153,-0.328651882,-0.33047488,-0.276079261,-0.31164186,-0.46934421,0,-0.578721605,-0.46934421,-0.133862242,-0.102932194,-0.163949554,-1.48956054,0.030549471,-0.133729751,-0.168728485,-0.086357094,1
154,-0.294832002,-0.312365077,-0.288063193,-0.335232754,-0.38600052,0,0.033528262,-0.38600052,-0.148551249,-0.11881567,-0.177795867,-1.42248757,-0.073795254,-0.148634822,-0.18047239,-0.102837313,0
155,-0.343477035,-0.373659797,-0.351209297,-0.364837012,-0.167121267,0,0.131410648,-0.167121267,-0.164968375,-0.135986995,-0.192940272,-1.28834163,-0.025709,-0.164771181,-0.192571201,-0.121582964,0
156,-0.367567908,-0.357407409,-0.330928796,-0.30100283,-0.67990565,0,0.38146282,-0.67990565,-0.178361294,-0.155734018,-0.200728823,-1.28834163,0.163636652,-0.17855297,-0.203341822,-0.142848962,1
157,-0.303634436,-0.348584684,-0.479345185,-0.517946538,-0.338529414,0,-0.344439285,-0.338529414,-0.201258864,-0.172046776,-0.229719541,-1.22126866,-0.546135036,-0.201169795,-0.201698075,-0.179214407,0
158,-0.294832002,-0.336975836,-0.460908367,-0.477703249,-0.055008026,0,-0.394480994,-0.055008026,-0.220700198,-0.190935234,-0.250056313,-1.69077945,0.567943777,-0.220892011,-0.194672923,-0.217932266,1
159,-0.480609699,-0.455850444,-0.421269207,-0.441623058,-0.301353062,0,-0.518466292,-0.301353062,-0.239277472,-0.213257956,-0.263902626,-1.62370648,-0.03133636,-0.239231728,-0.207997514,-0.240760136,1
160,-0.444473389,-0.379232044,-0.384856491,-0.340783552,-0.673028487,0,-0.373581395,-0.673028487,-0.25310242,-0.237727094,-0.267364204,-1.48956054,0.065603799,-0.253013518,-0.212892292,-0.266444527,1
161,-0.314290015,-0.263607913,-0.263634409,-0.246882544,-0.47743645,0,-0.464151768,-0.47743645,-0.26519925,-0.269064761,-0.259575653,-1.48956054,0.02481341,-0.265045582,-0.218873912,-0.282879699,1
162,-0.249429971,-0.2324962,-0.249345875,-0.240869179,-0.705170397,0,-0.387106507,-0.705170397,-0.272543753,-0.288382501,-0.25524868,-1.42248757,-0.163881068,-0.272606125,-0.223595779,-0.297220857,1
163,-0.221632809,-0.257106958,-0.212011317,-0.23531838,-0.717442091,0,-0.548164976,-0.717442091,-0.278160138,-0.302548844,-0.251787102,-1.15419569,-0.000819186,-0.278006513,-0.2377853,-0.293768402,1
164,-0.26471841,-0.248284233,-0.32401499,-0.232080415,-0.218009373,0,-1.081729612,-0.218009373,-0.279024198,-0.30469526,-0.251787102,-1.15419569,0.000165252,-0.279000184,-0.229853607,-0.310417106,1
165,-0.26471841,-0.288218672,-0.35397482,-0.383339674,-0.194724226,0,-1.484511871,-0.194724226,-0.287232761,-0.316715187,-0.255681378,-1.15419569,-0.364506655,-0.287057563,-0.238964202,-0.30301828,0
166,-0.386099349,-0.40709328,-0.339686285,-0.368537545,-0.730929158,0,-1.998355524,-0.730929158,-0.292849146,-0.324871567,-0.259142956,-1.15419569,0.376447972,-0.292738771,-0.247108846,-0.308180121,1
167,-0.371274196,-0.195812239,-0.309265535,-0.210802354,0.705065665,0,-1.406677944,0.705065665,-0.290256968,-0.318861603,-0.260008351,-1.08712272,0.656344394,-0.290168186,-0.231188718,-0.324715773,1
168,-0.234604818,-0.284503841,-0.294055159,-0.292214065,-0.376873838,0,-1.652858588,-0.376873838,-0.285072613,-0.314139489,-0.254383286,-1.02004975,-0.837611231,-0.285178228,-0.239164445,-0.311515508,0
169,-0.294832002,-0.324438279,-0.269165455,-0.317192659,-0.945041819,0,-1.634696934,-0.945041819,-0.277728109,-0.312422356,-0.241835065,0.589701529,0.140062824,-0.2778337,-0.244679654,-0.295781502,0
170,-0.330968312,-0.379232044,-0.309265535,-0.335232754,-0.943288677,0,-1.323947386,-0.943288677,-0.27686405,-0.31156379,-0.240536973,0.589701529,0.005773663,-0.276818427,-0.252901013,-0.283355589,0
171,-0.380539917,-0.382482522,-0.370107036,-0.325981423,-0.962393483,0,-0.763021736,-0.962393483,-0.27686405,-0.31156379,-0.240536973,0.589701529,0.023311691,-0.276969638,-0.251312939,-0.289662992,1
172,-0.32540888,-0.350906454,-0.357201263,-0.393516138,-0.491731204,0,-0.7216192,-0.491731204,-0.280320287,-0.313710205,-0.244863946,0.589701529,-0.129016538,-0.280123465,-0.252442656,-0.294395287,0
173,-0.396291642,-0.437276286,-0.384856491,-0.393516138,-0.534526478,0,-0.658229351,-0.534526478,-0.283776524,-0.316715187,-0.249623616,0.589701529,0.121206933,-0.283946939,-0.257141324,-0.299669028,1
174,-0.380539917,-0.384804291,-0.339686285,-0.331532221,-0.783837959,0,-0.880668478,-0.783837959,-0.283776524,-0.316715187,-0.249190919,0.589701529,0.075145353,-0.283774127,-0.262435017,-0.300209459,1
175,-0.299928148,-0.353692577,-0.360888626,-0.407855701,-0.801505662,0,-1.280789113,-0.801505662,-0.285936672,-0.31714447,-0.252652497,0.589701529,-0.16393237,-0.285783071,-0.258685922,-0.303320921,0
176,-0.380539917,-0.419166483,-0.373333479,-0.399066937,-0.944637384,0,-1.259407919,-0.944637384,-0.290256968,-0.321437302,-0.257412167,0.589701529,0.09637151,-0.2903626,-0.263351865,-0.303561286,1
177,-0.432427952,-0.419166483,-0.370107036,-0.374088343,-0.92764433,0,-1.114053897,-0.92764433,-0.283776524,-0.324013,-0.241402367,0.589701529,0.01506277,-0.283644518,-0.28395244,-0.282492027,1
178,-0.398608072,-0.430775331,-0.35397482,-0.399066937,-0.980960226,0,-0.611024477,-0.980960226,-0.279888257,-0.325730133,-0.232315725,0.589701529,-0.042915005,-0.279972254,-0.307567266,-0.25960809,0
179,-0.396291642,-0.384804291,-0.35397482,-0.395828971,-1.072574721,0,-0.351931332,-1.072574721,-0.277728109,-0.326588699,-0.227556054,0.589701529,0.021927259,-0.2778337,-0.30396051,-0.256794817,1
180,-0.380539917,-0.373659797,-0.339686285,-0.328294256,-1.035353727,0,0.027011923,-1.035353727,-0.277296079,-0.326159416,-0.22669066,0.589701529,0.044617727,-0.277250458,-0.307488996,-0.251124784,1
181,-0.330968312,-0.370409319,-0.31479658,-0.331532221,-0.868261027,0,-0.722225321,-0.868261027,-0.281184346,-0.332598663,-0.227988752,0.589701529,-0.050031446,-0.281203542,-0.317673409,-0.248509513,0
182,-0.330968312,-0.382482522,-0.318483944,-0.36252418,-0.920136864,0,-0.318314471,-0.920136864,-0.286800731,-0.341613608,-0.230152238,0.589701529,-0.025202124,-0.28688475,-0.332239826,-0.244471216,0
183,-0.340697319,-0.195812239,-0.376099002,-0.256133875,-0.026507506,0,0.281591773,-0.026507506,-0.28766479,-0.34461859,-0.229286844,0.522628559,0.323052378,-0.28785682,-0.307571727,-0.272062021,1
184,-0.142410898,-0.195812239,-0.173293998,-0.216815719,-0.703731521,0,0.060090629,-0.703731521,-0.287232761,-0.342042891,-0.230152238,0.455555589,-0.241925805,-0.287143969,-0.314628635,-0.256252829,1
185,-0.210050658,-0.241318924,-0.197261862,-0.207564388,-0.842953412,0,0.060090629,-0.842953412,-0.279024198,-0.328305831,-0.227556054,0.388482619,-0.043089366,-0.278935379,-0.323022789,-0.239102694,1
186,-0.194762219,-0.21717252,-0.160388225,-0.171484198,-0.907191704,0,0.434528846,-0.907191704,-0.269951575,-0.311134507,-0.22669066,-0.483465991,0.02347494,-0.269733118,-0.313328731,-0.231667489,1
187,-0.187812929,-0.223673475,-0.154396259,-0.180272962,-1.033015516,0,0.783609918,-1.033015516,-0.268223457,-0.307270959,-0.227556054,-0.483465991,-0.039170127,-0.268307416,-0.332170967,-0.20811876,0
188,-0.191519217,-0.154484738,-0.158083623,-0.125227543,-0.905077587,0,0.741326563,-0.905077587,-0.260446924,-0.288811785,-0.230584935,-0.483465991,0.056509178,-0.260509256,-0.326796911,-0.201221083,1
189,-0.158625909,-0.131731395,-0.100007645,-0.134016308,-0.985185208,0,2.004037571,-0.985185208,-0.251806331,-0.272499026,-0.230152238,0.925066378,-0.057394804,-0.251955042,-0.315746311,-0.195427004,0
190,-0.111370734,-0.161914401,-0.090789236,-0.128928076,-1.240431649,0,1.984972887,-1.240431649,-0.242301679,-0.256186268,-0.227123357,0.992139348,0.007847643,-0.24232075,-0.305912452,-0.185087322,1
191,-0.106274588,-0.159592631,-0.109226054,-0.161307734,-0.958032803,0,1.751171249,-0.958032803,-0.234525146,-0.245024907,-0.222796384,0.992139348,-0.027489052,-0.234630598,-0.299332986,-0.169445648,0
192,-0.158625909,-0.189775637,-0.112913418,-0.158532334,-0.996198956,0,1.69074057,-0.996198956,-0.223724405,-0.233863545,-0.211978952,0.992139348,0.02814734,-0.22365701,-0.299870484,-0.150503557,1
193,-0.17020806,-0.214386396,-0.200027385,-0.246882544,-0.929486163,0,0.81623716,-0.929486163,-0.216811931,-0.230429281,-0.202026915,0.992139348,-0.078881459,-0.216809318,-0.286054159,-0.145279644,0
194,-0.206807656,-0.227388306,-0.188043453,-0.23531838,-0.707193753,0,0.399794562,-0.707193753,-0.212491635,-0.226995016,-0.19640185,0.992139348,0.092138251,-0.212316195,-0.278305004,-0.138699053,1
195,-0.23089853,-0.257106958,-0.200027385,-0.243644578,-1.039983735,0,0.335830891,-1.039983735,-0.204715101,-0.2248486,-0.183420932,0.992139348,-0.020960005,-0.204647644,-0.280013207,-0.125380942,0
196,-0.26471841,-0.297041397,-0.233213658,-0.265847772,-1.055536434,0,0.447424672,-1.055536434,-0.198234657,-0.224419317,-0.171305408,0.992139348,-0.008537715,-0.198426398,-0.276131192,-0.117188622,0
197,-0.268424698,-0.227388306,-0.206941192,-0.253358476,-0.997412556,0,-0.512582988,-0.997412556,-0.192618272,-0.223560751,-0.160920673,0.992139348,0.023287848,-0.192788393,-0.264637522,-0.112127917,1
198,-0.255915975,-0.294255273,-0.272391898,-0.277411936,-0.537178067,0,-0.740130294,-0.537178067,-0.187001886,-0.225277883,-0.147939755,0.992139348,-0.049781646,-0.187107185,-0.253181088,-0.113275508,0
199,-0.255915975,-0.294255273,-0.272391898,-0.313954693,-0.924454677,0,-0.650847719,-0.924454677,-0.18311362,-0.227853582,-0.13755502,0.321409649,0.007425091,-0.18328371,-0.248185299,-0.110262402,0
